{"cameraMode":{"drawMode":0,"name":"Shaded","section":"Shading Mode"},"sceneLighting":false,"audioPlay":false,"sceneViewState":{"showFog":true,"showMaterialUpdate":false,"showSkybox":false,"showFlares":true,"showImageEffects":true,"showParticleSystems":true},"in2DMode":false,"pivot":{"x":2.1310248374938967,"y":7.103032112121582,"z":38.39994812011719},"rotation":{"x":-0.14671224355697633,"y":0.1979777216911316,"z":-0.029984019696712495,"w":-0.9687008261680603},"size":11.724016189575196,"orthographic":false}