{"cameraMode":{"drawMode":0,"name":"Shaded","section":"Shading Mode"},"sceneLighting":false,"audioPlay":false,"sceneViewState":{"showFog":true,"showMaterialUpdate":false,"showSkybox":false,"showFlares":true,"showImageEffects":true,"showParticleSystems":true},"in2DMode":false,"pivot":{"x":2.7100000381469728,"y":1.0,"z":21.3700008392334},"rotation":{"x":-0.16437552869319917,"y":0.04643832892179489,"z":-0.007747321389615536,"w":-0.9852736592292786},"size":4.739264488220215,"orthographic":false}