{"cameraMode":{"drawMode":0,"name":"Shaded","section":"Shading Mode"},"sceneLighting":true,"audioPlay":false,"sceneViewState":{"showFog":true,"showMaterialUpdate":false,"showSkybox":true,"showFlares":true,"showImageEffects":true,"showParticleSystems":true},"in2DMode":false,"pivot":{"x":185.94117736816407,"y":130.66998291015626,"z":0.8019806146621704},"rotation":{"x":0.06260640174150467,"y":0.0365191251039505,"z":0.0022918814793229105,"w":-0.9973673820495606},"size":332.8319396972656,"orthographic":true}