{"cameraMode":{"drawMode":0,"name":"Shaded","section":"Shading Mode"},"sceneLighting":false,"audioPlay":false,"sceneViewState":{"showFog":true,"showMaterialUpdate":false,"showSkybox":false,"showFlares":true,"showImageEffects":true,"showParticleSystems":true},"in2DMode":false,"pivot":{"x":5.938257694244385,"y":8.575228691101075,"z":40.765785217285159},"rotation":{"x":-0.28645098209381106,"y":0.06947862356901169,"z":-0.02083226479589939,"w":-0.9553452730178833},"size":8.100364685058594,"orthographic":false}