{"cameraMode":{"drawMode":0,"name":"Shaded","section":"Shading Mode"},"sceneLighting":false,"audioPlay":false,"sceneViewState":{"showFog":true,"showMaterialUpdate":false,"showSkybox":false,"showFlares":true,"showImageEffects":true,"showParticleSystems":true},"in2DMode":false,"pivot":{"x":2.380176067352295,"y":0.038446806371212009,"z":32.82825469970703},"rotation":{"x":-0.04828759282827377,"y":0.012583211995661259,"z":-0.0006084179040044546,"w":-0.9987540245056152},"size":9.837191581726075,"orthographic":true}