{"cameraMode":{"drawMode":0,"name":"Shaded","section":"Shading Mode"},"sceneLighting":false,"audioPlay":false,"sceneViewState":{"showFog":true,"showMaterialUpdate":false,"showSkybox":false,"showFlares":true,"showImageEffects":true,"showParticleSystems":true},"in2DMode":false,"pivot":{"x":3.3399999141693117,"y":7.947072982788086,"z":39.0},"rotation":{"x":-0.9292005896568298,"y":-0.05166541039943695,"z":-0.33708715438842776,"w":0.14244039356708527},"size":7.325540065765381,"orthographic":true}