{"cameraMode":{"drawMode":0,"name":"Shaded","section":"Shading Mode"},"sceneLighting":false,"audioPlay":false,"sceneViewState":{"showFog":true,"showMaterialUpdate":false,"showSkybox":false,"showFlares":true,"showImageEffects":true,"showParticleSystems":true},"in2DMode":false,"pivot":{"x":-0.2586532533168793,"y":7.932924270629883,"z":11.118913650512696},"rotation":{"x":-0.06623900681734085,"y":0.026037972420454027,"z":-0.0017289078095927835,"w":-0.9974625706672669},"size":22.0,"orthographic":false}